<?xml version="1.0" encoding="UTF-8"?>
<beans xmlns="http://www.springframework.org/schema/beans"
	xmlns:xsi="http://www.w3.org/2001/XMLSchema-instance"
	xmlns:context="http://www.springframework.org/schema/context"
	xmlns:mvc="http://www.springframework.org/schema/mvc"
	xsi:schemaLocation="
		http://www.springframework.org/schema/beans 
		http://www.springframework.org/schema/beans/spring-beans.xsd
        http://www.springframework.org/schema/mvc 
        http://www.springframework.org/schema/mvc/spring-mvc-4.0.xsd
        http://www.springframework.org/schema/context 
        http://www.springframework.org/schema/context/spring-context.xsd">

	<!--每次都创建jedis对象性能较低 创建jedis线程池  -->
	<bean id="poolConfig" class="redis.clients.jedis.JedisPoolConfig">
		<!--定义连接总数  -->
		<property name="maxTotal" value="${redis.maxTotal}"/>
		<!--定义最大闲置资源  -->
		<property name="maxIdle" value="${redis.maxIdle}"/>
		<!--定义是否自动连接  -->
		<property name="testOnBorrow" value="${redis.testOnBorrow}"/>
	</bean>
	
	<bean id="sentinelConfiguration" class="org.springframework.data.redis.connection.RedisSentinelConfiguration">
        <property name="master">
            <bean class="org.springframework.data.redis.connection.RedisNode">
                <property name="name" value="${redis.sentinel.masterName}"></property>
            </bean>
        </property>
        <property name="sentinels">
            <set>
                <bean class="org.springframework.data.redis.connection.RedisNode">
                    <constructor-arg name="host" value="${redis.sentinel.host1}"/>
                    <constructor-arg name="port" value="${redis.sentinel.port1}" type="int"/>
                </bean>
                <bean class="org.springframework.data.redis.connection.RedisNode">
                    <constructor-arg name="host" value="${redis.sentinel.host2}"/>
                    <constructor-arg name="port" value="${redis.sentinel.port2}" type="int"/>
                </bean>
                 <bean class="org.springframework.data.redis.connection.RedisNode">
                    <constructor-arg name="host" value="${redis.sentinel.host3}"/>
                    <constructor-arg name="port" value="${redis.sentinel.port3}" type="int"/>
                </bean>
            </set>
        </property>
    </bean>
  
    <bean id="connectionFactory"
        class="org.springframework.data.redis.connection.jedis.JedisConnectionFactory">
        <constructor-arg name="sentinelConfig" ref="sentinelConfiguration"></constructor-arg>
        <constructor-arg name="poolConfig" ref="poolConfig"></constructor-arg>
    </bean>

    <bean id="redisTemplate" class="org.springframework.data.redis.core.StringRedisTemplate">
        <property name="connectionFactory" ref="connectionFactory" />
    </bean>
	
	
</beans>