<?xml version="1.0" encoding="UTF-8" ?>
<!DOCTYPE generatorConfiguration PUBLIC "-//mybatis.org//DTD MyBatis Generator Configuration 1.0//EN" "http://mybatis.org/dtd/mybatis-generator-config_1_0.dtd" >
<generatorConfiguration>
	
	<properties resource="generatorConfig.properties"/>
	
	<classPathEntry location="E:\WorkJarSource\connDriver\mysql-connector-java-5.1.10-bin.jar" />
	
	<context id="tarena">
		
		<commentGenerator>
			<property name="suppressAllComments" value="${suppressAllComments}"/>
		</commentGenerator>
		<jdbcConnection driverClass="${driverClass}" connectionURL="${url}" userId="${username}" password="${password}" />
	
		<javaModelGenerator targetPackage="${modeltargetPackage}" targetProject="${targetProject}" />
		
		<sqlMapGenerator targetPackage="${sqltargetPackage}" targetProject="${targetProject}" />	
		<javaClientGenerator targetPackage="${clienttargetPackage}" targetProject="${targetProject}" type="XMLMAPPER" /> 

		<table  tableName="tb_order_item" domainObjectName="OrderItem" enableCountByExample="false" enableUpdateByExample="false" 
		enableInsert="false" enableDeleteByExample="false" enableSelectByExample="false" selectByExampleQueryId="false"/>
		
		<table  tableName="tb_order" domainObjectName="Order" enableCountByExample="false" enableUpdateByExample="false" 
		enableInsert="false" enableDeleteByExample="false" enableSelectByExample="false" selectByExampleQueryId="false"/>
		
		<table  tableName="tb_order_shipping" domainObjectName="OrderShipping" enableCountByExample="false" enableUpdateByExample="false" 
		enableInsert="false" enableDeleteByExample="false" enableSelectByExample="false" selectByExampleQueryId="false"/>
	</context>
</generatorConfiguration>
